term_id,year,rank,term,list_series,source_url
2012-01,2012,1,中国好声音体,年度十大网络用语,https://nlp.ccnu.edu.cn/conference/15
2012-02,2012,2,元芳，你怎么看,年度十大网络用语,https://nlp.ccnu.edu.cn/conference/15
2012-03,2012,3,高富帅，白富美,年度十大网络用语,https://nlp.ccnu.edu.cn/conference/15
2012-04,2012,4,你幸福吗,年度十大网络用语,https://nlp.ccnu.edu.cn/conference/15
2012-05,2012,5,江南Style,年度十大网络用语,https://nlp.ccnu.edu.cn/conference/15
2012-06,2012,6,躺着也中枪,年度十大网络用语,https://nlp.ccnu.edu.cn/conference/15
2012-07,2012,7,吊丝，逆袭,年度十大网络用语,https://nlp.ccnu.edu.cn/conference/15
2012-08,2012,8,舌尖上的中国,年度十大网络用语,https://nlp.ccnu.edu.cn/conference/15
2012-09,2012,9,最炫民族风,年度十大网络用语,https://nlp.ccnu.edu.cn/conference/15
2012-10,2012,10,给跪了,年度十大网络用语,https://nlp.ccnu.edu.cn/conference/15
2013-01,2013,1,中国大妈,年度十大网络用语,https://nlp.ccnu.edu.cn/conference/15
2013-02,2013,2,高端大气上档次,年度十大网络用语,https://nlp.ccnu.edu.cn/conference/15
2013-03,2013,3,爸爸去哪儿,年度十大网络用语,https://nlp.ccnu.edu.cn/conference/15
2013-04,2013,4,小伙伴们都惊呆了,年度十大网络用语,https://nlp.ccnu.edu.cn/conference/15
2013-05,2013,5,待我长发及腰,年度十大网络用语,https://nlp.ccnu.edu.cn/conference/15
2013-06,2013,6,喜大普奔,年度十大网络用语,https://nlp.ccnu.edu.cn/conference/15
2013-07,2013,7,女汉子,年度十大网络用语,https://nlp.ccnu.edu.cn/conference/15
2013-08,2013,8,土豪（金）,年度十大网络用语,https://nlp.ccnu.edu.cn/conference/15
2013-09,2013,9,摊上大事了,年度十大网络用语,https://nlp.ccnu.edu.cn/conference/15
2013-10,2013,10,涨姿势,年度十大网络用语,https://nlp.ccnu.edu.cn/conference/15
2014-01,2014,1,我也是醉了,年度十大网络用语,https://nlp.ccnu.edu.cn/conference/15
2014-02,2014,2,有钱就是任性,年度十大网络用语,https://nlp.ccnu.edu.cn/conference/15
2014-03,2014,3,蛮拼的,年度十大网络用语,https://nlp.ccnu.edu.cn/conference/15
2014-04,2014,4,挖掘机技术哪家强,年度十大网络用语,https://nlp.ccnu.edu.cn/conference/15
2014-05,2014,5,保证不打死你,年度十大网络用语,https://nlp.ccnu.edu.cn/conference/15
2014-06,2014,6,萌萌哒,年度十大网络用语,https://nlp.ccnu.edu.cn/conference/15
2014-07,2014,7,时间都去哪了,年度十大网络用语,https://nlp.ccnu.edu.cn/conference/15
2014-08,2014,8,我读书少，你别骗我,年度十大网络用语,https://nlp.ccnu.edu.cn/conference/15
2014-09,2014,9,画面太美我不敢看,年度十大网络用语,https://nlp.ccnu.edu.cn/conference/15
2014-10,2014,10,且行且珍惜,年度十大网络用语,https://nlp.ccnu.edu.cn/conference/15
2015-01,2015,1,重要的事情说三遍,年度十大网络用语,https://nlp.ccnu.edu.cn/conference/15
2015-02,2015,2,世界那么大，我想去看看,年度十大网络用语,https://nlp.ccnu.edu.cn/conference/15
2015-03,2015,3,你们城里人真会玩,年度十大网络用语,https://nlp.ccnu.edu.cn/conference/15
2015-04,2015,4,为国护盘,年度十大网络用语,https://nlp.ccnu.edu.cn/conference/15
2015-05,2015,5,明明可以靠脸吃饭却偏偏靠才华,年度十大网络用语,https://nlp.ccnu.edu.cn/conference/15
2015-06,2015,6,我想静静,年度十大网络用语,https://nlp.ccnu.edu.cn/conference/15
2015-07,2015,7,吓死宝宝了,年度十大网络用语,https://nlp.ccnu.edu.cn/conference/15
2015-08,2015,8,内心几乎是崩溃的,年度十大网络用语,https://nlp.ccnu.edu.cn/conference/15
2015-09,2015,9,我妈是我妈,年度十大网络用语,https://nlp.ccnu.edu.cn/conference/15
2015-10,2015,10,主要看气质,年度十大网络用语,https://nlp.ccnu.edu.cn/conference/15
2016-01,2016,1,洪荒之力,年度十大网络用语,https://nlp.ccnu.edu.cn/conference/15
2016-02,2016,2,友谊的小船,年度十大网络用语,https://nlp.ccnu.edu.cn/conference/15
2016-03,2016,3,定个小目标,年度十大网络用语,https://nlp.ccnu.edu.cn/conference/15
2016-04,2016,4,吃瓜群众,年度十大网络用语,https://nlp.ccnu.edu.cn/conference/15
2016-05,2016,5,葛优躺,年度十大网络用语,https://nlp.ccnu.edu.cn/conference/15
2016-06,2016,6,辣眼睛,年度十大网络用语,https://nlp.ccnu.edu.cn/conference/15
2016-07,2016,7,全是套路,年度十大网络用语,https://nlp.ccnu.edu.cn/conference/15
2016-08,2016,8,蓝瘦香菇,年度十大网络用语,https://nlp.ccnu.edu.cn/conference/15
2016-09,2016,9,老司机带带我,年度十大网络用语,https://nlp.ccnu.edu.cn/conference/15
2016-10,2016,10,厉害了我的哥,年度十大网络用语,https://nlp.ccnu.edu.cn/conference/15
2017-01,2017,1,打call,年度十大网络用语,https://nlp.ccnu.edu.cn/conference/15
2017-02,2017,2,尬聊,年度十大网络用语,https://nlp.ccnu.edu.cn/conference/15
2017-03,2017,3,怼,年度十大网络用语,https://nlp.ccnu.edu.cn/conference/15
2017-04,2017,4,油腻,年度十大网络用语,https://nlp.ccnu.edu.cn/conference/15
2017-05,2017,5,你的良心不会痛吗？,年度十大网络用语,https://nlp.ccnu.edu.cn/conference/15
2017-06,2017,6,惊不惊喜，意不意外,年度十大网络用语,https://nlp.ccnu.edu.cn/conference/15
2017-07,2017,7,皮皮虾，我们走,年度十大网络用语,https://nlp.ccnu.edu.cn/conference/15
2017-08,2017,8,扎心了，老铁,年度十大网络用语,https://nlp.ccnu.edu.cn/conference/15
2017-09,2017,9,还有这种操作？,年度十大网络用语,https://nlp.ccnu.edu.cn/conference/15
2017-10,2017,10,你有freestyle吗？,年度十大网络用语,https://nlp.ccnu.edu.cn/conference/15
2018-01,2018,1,锦鲤,年度十大网络用语,https://nlp.ccnu.edu.cn/conference/15
2018-02,2018,2,杠精,年度十大网络用语,https://nlp.ccnu.edu.cn/conference/15
2018-03,2018,3,skr,年度十大网络用语,https://nlp.ccnu.edu.cn/conference/15
2018-04,2018,4,佛系,年度十大网络用语,https://nlp.ccnu.edu.cn/conference/15
2018-05,2018,5,确认过眼神,年度十大网络用语,https://nlp.ccnu.edu.cn/conference/15
2018-06,2018,6,官宣,年度十大网络用语,https://nlp.ccnu.edu.cn/conference/15
2018-07,2018,7,C位,年度十大网络用语,https://nlp.ccnu.edu.cn/conference/15
2018-08,2018,8,土味情话,年度十大网络用语,https://nlp.ccnu.edu.cn/conference/15
2018-09,2018,9,皮一下,年度十大网络用语,https://nlp.ccnu.edu.cn/conference/15
2018-10,2018,10,燃烧我的卡路里,年度十大网络用语,https://nlp.ccnu.edu.cn/conference/15
2019-01,2019,1,不忘初心,年度十大网络用语,https://nlp.ccnu.edu.cn/news/100
2019-02,2019,2,道路千万条，安全第一条,年度十大网络用语,https://nlp.ccnu.edu.cn/news/100
2019-03,2019,3,柠檬精,年度十大网络用语,https://nlp.ccnu.edu.cn/news/100
2019-04,2019,4,好嗨哟,年度十大网络用语,https://nlp.ccnu.edu.cn/news/100
2019-05,2019,5,是个狼人,年度十大网络用语,https://nlp.ccnu.edu.cn/news/100
2019-06,2019,6,雨女无瓜,年度十大网络用语,https://nlp.ccnu.edu.cn/news/100
2019-07,2019,7,硬核,年度十大网络用语,https://nlp.ccnu.edu.cn/news/100
2019-08,2019,8,996,年度十大网络用语,https://nlp.ccnu.edu.cn/news/100
2019-09,2019,9,14亿护旗手,年度十大网络用语,https://nlp.ccnu.edu.cn/news/100
2019-10,2019,10,断舍离,年度十大网络用语,https://nlp.ccnu.edu.cn/news/100
2020-01,2020,1,逆行者,年度十大网络用语,https://nlp.ccnu.edu.cn/conference/15
2020-02,2020,2,秋天的第一杯奶茶,年度十大网络用语,https://nlp.ccnu.edu.cn/conference/15
2020-03,2020,3,带货,年度十大网络用语,https://nlp.ccnu.edu.cn/conference/15
2020-04,2020,4,云监工,年度十大网络用语,https://nlp.ccnu.edu.cn/conference/15
2020-05,2020,5,光盘行动,年度十大网络用语,https://nlp.ccnu.edu.cn/conference/15
2020-06,2020,6,奥利给,年度十大网络用语,https://nlp.ccnu.edu.cn/conference/15
2020-07,2020,7,好家伙,年度十大网络用语,https://nlp.ccnu.edu.cn/conference/15
2020-08,2020,8,夺冠,年度十大网络用语,https://nlp.ccnu.edu.cn/conference/15
2020-09,2020,9,不约而同,年度十大网络用语,https://nlp.ccnu.edu.cn/conference/15
2020-10,2020,10,集美,年度十大网络用语,https://nlp.ccnu.edu.cn/conference/15
2021-01,2021,1,觉醒年代,年度十大网络用语,https://nlp.ccnu.edu.cn/conference/15
2021-02,2021,2,YYDS,年度十大网络用语,https://nlp.ccnu.edu.cn/conference/15
2021-03,2021,3,双减,年度十大网络用语,https://nlp.ccnu.edu.cn/conference/15
2021-04,2021,4,破防,年度十大网络用语,https://nlp.ccnu.edu.cn/conference/15
2021-05,2021,5,元宇宙,年度十大网络用语,https://nlp.ccnu.edu.cn/conference/15
2021-06,2021,6,绝绝子,年度十大网络用语,https://nlp.ccnu.edu.cn/conference/15
2021-07,2021,7,躺平,年度十大网络用语,https://nlp.ccnu.edu.cn/conference/15
2021-08,2021,8,伤害性不高，侮辱性极强,年度十大网络用语,https://nlp.ccnu.edu.cn/conference/15
2021-09,2021,9,我看不懂，但我大受震撼,年度十大网络用语,https://nlp.ccnu.edu.cn/conference/15
2021-10,2021,10,强国有我,年度十大网络用语,https://nlp.ccnu.edu.cn/conference/15
2022-01,2022,1,党的二十大,年度十大网络用语,https://nlp.ccnu.edu.cn/conference/15
2022-02,2022,2,中国式现代化,年度十大网络用语,https://nlp.ccnu.edu.cn/conference/15
2022-03,2022,3,全过程人民民主,年度十大网络用语,https://nlp.ccnu.edu.cn/conference/15
2022-04,2022,4,端稳中国饭碗,年度十大网络用语,https://nlp.ccnu.edu.cn/conference/15
2022-05,2022,5,数字经济,年度十大网络用语,https://nlp.ccnu.edu.cn/conference/15
2022-06,2022,6,太空会师,年度十大网络用语,https://nlp.ccnu.edu.cn/conference/15
2022-07,2022,7,一起向未来,年度十大网络用语,https://nlp.ccnu.edu.cn/conference/15
2022-08,2022,8,我的眼睛就是尺,年度十大网络用语,https://nlp.ccnu.edu.cn/conference/15
2022-09,2022,9,电子榨菜,年度十大网络用语,https://nlp.ccnu.edu.cn/conference/15
2022-10,2022,10,俄乌冲突,年度十大网络用语,https://nlp.ccnu.edu.cn/conference/15
2023-01,2023,1,爱达未来,年度十大网络用语,https://nlp.ccnu.edu.cn/conference/15
2023-02,2023,2,烟火气,年度十大网络用语,https://nlp.ccnu.edu.cn/conference/15
2023-03,2023,3,数智生活,年度十大网络用语,https://nlp.ccnu.edu.cn/conference/15
2023-04,2023,4,村BA,年度十大网络用语,https://nlp.ccnu.edu.cn/conference/15
2023-05,2023,5,特种兵式旅游,年度十大网络用语,https://nlp.ccnu.edu.cn/conference/15
2023-06,2023,6,显眼包,年度十大网络用语,https://nlp.ccnu.edu.cn/conference/15
2023-07,2023,7,主打一个××,年度十大网络用语,https://nlp.ccnu.edu.cn/conference/15
2023-08,2023,8,多巴胺穿搭,年度十大网络用语,https://nlp.ccnu.edu.cn/conference/15
2023-09,2023,9,命运的齿轮开始转动,年度十大网络用语,https://nlp.ccnu.edu.cn/conference/15
2023-10,2023,10,新职人,年度十大网络用语,https://nlp.ccnu.edu.cn/conference/15
2024-01,2024,1,新质生产力,年度十大网络用语,https://nlp.ccnu.edu.cn/conference/15
2024-02,2024,2,《黑神话：悟空》,年度十大网络用语,https://nlp.ccnu.edu.cn/conference/15
2024-03,2024,3,人工智能+,年度十大网络用语,https://nlp.ccnu.edu.cn/conference/15
2024-04,2024,4,含金量还在上升,年度十大网络用语,https://nlp.ccnu.edu.cn/conference/15
2024-05,2024,5,City不City,年度十大网络用语,https://nlp.ccnu.edu.cn/conference/15
2024-06,2024,6,班味儿,年度十大网络用语,https://nlp.ccnu.edu.cn/conference/15
2024-07,2024,7,偏偏你最争气,年度十大网络用语,https://nlp.ccnu.edu.cn/conference/15
2024-08,2024,8,浓人淡人,年度十大网络用语,https://nlp.ccnu.edu.cn/conference/15
2024-09,2024,9,松弛感,年度十大网络用语,https://nlp.ccnu.edu.cn/conference/15
2024-10,2024,10,主理人,年度十大网络用语,https://nlp.ccnu.edu.cn/conference/15
2025-01,2025,1,DeepSeek（深度求索）,年度十大网络用语,https://nlp.ccnu.edu.cn/news/146
2025-02,2025,2,敬自己一杯,年度十大网络用语,https://nlp.ccnu.edu.cn/news/146
2025-03,2025,3,助我破鼎,年度十大网络用语,https://nlp.ccnu.edu.cn/news/146
2025-04,2025,4,××基础××不基础,年度十大网络用语,https://nlp.ccnu.edu.cn/news/146
2025-05,2025,5,千百次练习只为这一刻,年度十大网络用语,https://nlp.ccnu.edu.cn/news/146
2025-06,2025,6,情绪价值,年度十大网络用语,https://nlp.ccnu.edu.cn/news/146
2025-07,2025,7,如何呢又能怎,年度十大网络用语,https://nlp.ccnu.edu.cn/news/146
2025-08,2025,8,村咖,年度十大网络用语,https://nlp.ccnu.edu.cn/news/146
2025-09,2025,9,来财,年度十大网络用语,https://nlp.ccnu.edu.cn/news/146
2025-10,2025,10,浪浪山小妖怪,年度十大网络用语,https://nlp.ccnu.edu.cn/news/146
